customer_id,name,email,city,state,signup_date
1,Ísis Marques,ada-costa@example.com,Carvalho,AC,2026-01-17
2,Dr. Samuel Cavalcante,sarahmarques@example.org,Dias do Oeste,PA,2025-08-16
3,Helena Sampaio,renanvargas@example.net,Dias,RR,2024-05-15
4,Arthur da Rosa,ana-vitoria99@example.net,Cardoso,SP,2024-03-12
5,Isadora Siqueira,nnovais@example.org,Vasconcelos de Silveira,ES,2025-04-26
6,Hadassa Sá,bento84@example.org,Rezende,SP,2025-09-25
7,Arthur Miguel Nogueira,esther18@example.org,Rodrigues Alegre,DF,2024-03-12
8,Heloísa Aragão,milena52@example.com,Fernandes,ES,2024-09-12
9,Alexia Aragão,aragaoliam@example.net,Santos,AL,2024-11-25
10,João Pires,nfreitas@example.com,da Costa da Praia,PI,2024-12-16
11,Erick Novaes,aylla67@example.com,Mendonça da Serra,PE,2026-02-05
12,Letícia Silveira,elisa66@example.org,Pacheco,TO,2024-06-15
13,Isabel Martins,catarinafarias@example.org,Pimenta Alegre,SC,2024-10-10
14,Nicole Vasconcelos,mateuscarvalho@example.org,Cassiano de Porto,GO,2025-11-24
15,Maria Clara Aragão,eteixeira@example.org,Farias do Oeste,RS,2024-10-25
16,Sr. Gustavo Casa Grande,pereiraantonella@example.net,Mendonça da Mata,MG,2024-08-19
17,Cecilia da Rosa,joao-miguel58@example.com,Dias,RO,2024-11-14
18,Bryan Câmara,bryan75@example.com,Cavalcanti das Pedras,PR,2025-05-10
19,Fernando Almeida,bernardofonseca@example.org,Cardoso,BA,2025-01-02
20,Sabrina Albuquerque,borgescaio@example.net,Gonçalves Verde,MA,2025-03-13
21,Maria Sophia Moreira,cmonteiro@example.org,Araújo dos Dourados,DF,2024-11-06
22,Hellena Cunha,jnunes@example.net,Ribeiro dos Dourados,AL,2026-01-27
23,Dr. Fernando Alves,cecilia10@example.org,da Cunha,RN,2024-12-11
24,Maria Eduarda Brito,da-rosaluiz-henrique@example.com,Albuquerque de Cassiano,RO,2026-01-07
25,Nathan Gonçalves,ribeirobrayan@example.net,Peixoto,PE,2025-07-17
26,Alexia Camargo,orios@example.net,Marques,SC,2024-11-20
27,Dra. Ana Júlia Porto,xdias@example.com,Correia de Vieira,PE,2025-01-22
28,Dr. João Gabriel Santos,pachecopietro@example.com,Porto,PE,2025-05-04
29,Alícia Correia,mirella44@example.com,Vieira,PB,2025-03-24
30,Maria Luiza Caldeira,gmarques@example.com,Marques de Minas,PA,2024-12-31
31,Levi Cassiano,dcunha@example.net,Fernandes de Sampaio,MT,2025-08-05
32,Gabriela Carvalho,casa-granderavi@example.net,Fonseca de Teixeira,MA,2024-09-17
33,Maria Flor Vasconcelos,luiz-otavio59@example.net,Martins de Minas,DF,2025-03-31
34,Laura Freitas,ana-luizaporto@example.net,Caldeira,BA,2025-04-24
35,Lara Fogaça,liz01@example.net,Pastor do Campo,PE,2025-11-25
36,Maria Julia Borges,marquesfelipe@example.com,Teixeira do Sul,RS,2026-02-06
37,Isabelly Costa,aparecidaana@example.com,Garcia,PE,2024-05-26
38,Pedro Lucas Duarte,raquel29@example.com,da Paz,ES,2024-10-16
39,Lunna Leão,sofia29@example.com,Montenegro do Oeste,AM,2024-12-27
40,Dr. Vitor Souza,rhavida-rosa@example.net,Pinto,AL,2026-02-24
41,Sra. Hadassa Campos,helena80@example.com,Leão,DF,2025-09-07
42,Olivia Santos,raragao@example.net,Pacheco do Oeste,PE,2024-10-04
43,Ana Júlia Vieira,maria-fernandacastro@example.com,das Neves,DF,2025-07-03
44,Luiz Otávio Azevedo,isabella48@example.org,Oliveira,AP,2025-07-03
45,Daniel Rodrigues,camposbeatriz@example.net,Peixoto da Mata,PI,2025-11-02
46,Yasmin Alves,wduarte@example.net,Novaes de Siqueira,MA,2025-08-08
47,Arthur Gabriel Jesus,bryanfreitas@example.org,Araújo de Goiás,AM,2025-02-04
48,Isaque Garcia,heloisa04@example.org,Camargo da Praia,AL,2024-09-01
49,Ana Júlia Cunha,joao45@example.net,da Cunha,ES,2024-09-06
50,Carlos Eduardo Pacheco,qduarte@example.com,Melo Paulista,GO,2025-03-25
51,Rebeca Caldeira,stellalima@example.org,Lima de da Rocha,RS,2024-05-11
52,Thomas Casa Grande,gael05@example.net,Moura,BA,2024-05-25
53,Elisa Fernandes,borgesjoao-guilherme@example.net,Novaes do Oeste,MA,2025-08-09
54,Clarice Sousa,lavinia43@example.com,Cassiano do Galho,PR,2025-08-23
55,Dra. Isabella Andrade,britomaria-alice@example.net,Correia de Pereira,MS,2025-06-24
56,Dr. Thiago da Mota,novaesarthur@example.net,Pacheco de Mendonça,CE,2024-09-08
57,Isabella Lima,abreubernardo@example.com,Dias de das Neves,DF,2024-09-13
58,Srta. Maria Clara Rodrigues,rabreu@example.org,da Rosa,MT,2024-04-11
59,Gael Garcia,jose-miguelcavalcante@example.net,da Cruz,RR,2024-12-02
60,Dr. Leonardo da Cunha,theobarbosa@example.com,Moura do Norte,AM,2025-07-02
61,Lavínia Rezende,fernandesjosue@example.org,Caldeira de Cassiano,CE,2025-06-15
62,Sr. Davi Lucca Siqueira,tcassiano@example.com,Pastor de da Rocha,MT,2024-05-09
63,Igor Camargo,aylla57@example.org,Cardoso,BA,2024-09-21
64,Srta. Heloisa Farias,aragaoclarice@example.org,Câmara,RR,2025-12-06
65,Dr. Yuri Gomes,theodorooliveira@example.org,Siqueira dos Dourados,SE,2024-11-11
66,Ian Oliveira,xda-luz@example.com,Machado de Farias,AP,2025-05-27
67,Caroline Fernandes,bvieira@example.org,Castro,PE,2024-03-31
68,Bruna Barbosa,wcampos@example.net,Câmara do Amparo,SC,2025-05-03
69,Camila Rezende,enricocirino@example.net,da Cruz de Moura,PE,2024-09-14
70,Lucas Gabriel Sousa,nicolascostela@example.net,Duarte,PR,2025-06-20
71,Nathan Araújo,tbarbosa@example.com,Guerra,RN,2024-12-17
72,Lucas Castro,pcampos@example.net,Brito,RS,2026-01-19
73,Benício Fonseca,davi-luccaalmeida@example.net,Ramos Verde,AP,2024-06-25
74,Rhavi Silva,pedro-lucascostela@example.com,Cunha de Gomes,AM,2025-03-25
75,Srta. Maria Isis Pereira,arthur-gabriel97@example.net,Vasconcelos,AP,2024-04-10
76,Natália Sousa,ocassiano@example.org,Mendes,PE,2025-04-05
77,João Guilherme Correia,juliasa@example.com,Abreu,AM,2024-11-09
78,Danilo Machado,da-luznicolas@example.com,Teixeira,AP,2024-03-19
79,Dr. Pietro Vieira,catarinanunes@example.com,Caldeira,SC,2025-10-23
80,Lorena da Rosa,silveirajoao-vitor@example.com,Vargas das Flores,AL,2024-07-23
81,Luiz Miguel Duarte,albuquerqueyasmin@example.com,Silveira,RN,2025-10-03
82,Paulo Costela,pastoragatha@example.com,Moura,BA,2025-10-17
83,Dra. Caroline Pereira,qmoura@example.net,Moura de Cunha,PI,2025-11-17
84,Alexia da Paz,milenada-paz@example.org,Marques,ES,2024-10-24
85,Bruno Ribeiro,eda-costa@example.org,Aragão Paulista,MG,2025-07-08
86,Melissa Alves,joao70@example.com,Fernandes de Mendes,PE,2026-02-08
87,Theo Duarte,rda-mota@example.org,Monteiro,AL,2024-05-05
88,Emanuelly Almeida,odias@example.net,Teixeira das Pedras,AL,2024-09-04
89,Cauã Oliveira,luiza48@example.org,Mendes de Goiás,SP,2025-08-16
90,Manuella Caldeira,brendada-rocha@example.net,Macedo das Flores,MG,2025-01-23
91,Davi Lucca Sá,alvesenrico@example.com,Lopes,AL,2026-03-02
92,Maitê Santos,jesusana-laura@example.net,Casa Grande de Cavalcante,PB,2025-04-13
93,Thales Caldeira,nicolas57@example.org,Aragão,RS,2025-05-08
94,Mateus Azevedo,caldeirathales@example.com,Cavalcanti,PI,2025-05-26
95,Luiz Gustavo Fogaça,lmoraes@example.net,Porto da Serra,RO,2024-06-20
96,Rafael Andrade,viniciusalves@example.org,Aparecida,PE,2025-06-10
97,Sr. Benjamim Silva,eloahduarte@example.org,Cassiano,SE,2025-12-14
98,Antony da Cruz,otavioaragao@example.com,Cirino de Correia,ES,2024-12-02
99,Luiz Fernando Albuquerque,camila49@example.net,Martins Alegre,ES,2024-08-24
100,Hellena Campos,benjamin03@example.com,Porto Alegre,MA,2025-07-16
101,Ravi Lucca Moraes,hadassa34@example.org,da Luz do Oeste,GO,2025-05-08
102,Alícia Dias,cavalcanteana-clara@example.com,Casa Grande,PA,2025-06-15
103,Marcelo Cunha,vieiraana-beatriz@example.org,Cunha de Garcia,TO,2025-04-02
104,José Moraes,caleb42@example.com,Vieira de Monteiro,CE,2024-11-08
105,Juan Gonçalves,fernandada-rocha@example.net,Câmara,RJ,2024-09-24
106,Gael Henrique Viana,aurora10@example.com,das Neves do Galho,MT,2024-06-27
107,Mateus Sampaio,ana-julia53@example.org,Moraes,TO,2026-01-01
108,Júlia Souza,cirinotheo@example.net,Correia,RR,2025-02-19
109,Ravy Fogaça,hadassa56@example.org,Montenegro,RR,2025-05-25
110,João Pedro Jesus,diogogoncalves@example.org,Sales do Oeste,PB,2025-04-28
111,Isadora Castro,rcaldeira@example.com,Sá,TO,2026-01-02
112,Maria Eduarda Costa,anthony-gabriel64@example.com,Cardoso,PE,2025-05-08
113,Lívia Borges,apollo72@example.org,Dias da Mata,PA,2024-07-19
114,Dr. João Lucas Pacheco,carolinafogaca@example.org,Sampaio,CE,2025-01-30
115,Ravi Lucca Rodrigues,heitorcavalcanti@example.net,Cavalcanti de Brito,RN,2025-11-16
116,Sara Ferreira,ana-julia75@example.com,Cavalcante,AC,2024-05-01
117,Sr. Pedro Henrique Moraes,ada-cunha@example.com,Albuquerque do Campo,CE,2025-11-15
118,Cecilia da Mota,arthur90@example.com,Silva,AM,2024-10-29
119,Gustavo Henrique Borges,pimentatheodoro@example.net,Leão,SE,2024-09-14
120,Sr. Joaquim Nascimento,eduardolima@example.com,da Cruz,PI,2026-03-11
121,Erick Cavalcanti,hfarias@example.net,Andrade,PR,2024-03-28
122,Evelyn Teixeira,jsousa@example.com,Novais,MA,2024-11-22
123,Melina Cardoso,pastorjose-miguel@example.com,Fonseca Verde,RR,2025-05-29
124,Laura Santos,orezende@example.net,Gonçalves,PI,2024-11-10
125,Srta. Maria Luísa Cirino,eloa24@example.net,Cirino do Norte,AL,2026-02-11
126,Gabriela Silveira,meloluara@example.org,Porto do Campo,PR,2025-05-29
127,João Felipe Almeida,rhavi85@example.net,da Cunha do Oeste,RJ,2024-11-21
128,Sr. Rael Andrade,eribeiro@example.org,Pires Alegre,RS,2025-11-27
129,Oliver da Cruz,sousasamuel@example.net,Siqueira,PE,2026-01-17
130,Ana Laura Rodrigues,portoheloisa@example.org,da Rocha das Flores,CE,2026-01-17
131,Mateus Vargas,yda-rocha@example.com,Nascimento,PR,2025-10-26
132,Lucas Sales,viniciusda-cruz@example.com,Borges,RN,2026-01-16
133,Arthur Novaes,oliver43@example.org,da Paz do Norte,SE,2025-05-25
134,Ana Luiza Ribeiro,costelamelina@example.org,da Mata das Pedras,PB,2025-09-22
135,Dr. Henry Gomes,arthur53@example.com,Garcia,PI,2024-06-20
136,Dr. Lorenzo da Mota,klopes@example.net,da Paz,AP,2025-06-12
137,Vinícius Araújo,pachecovitor@example.net,Lopes do Galho,MT,2024-09-28
138,Letícia Jesus,almeidaana-julia@example.org,Garcia Grande,AC,2025-03-17
139,Rhavi Almeida,benicio62@example.com,Sales do Campo,AL,2026-02-22
140,Dr. Luiz Gustavo Pereira,kevincardoso@example.com,Alves do Sul,DF,2026-01-06
141,Vitor Siqueira,vinicius57@example.net,Ramos,PA,2025-10-09
142,Maria Júlia Azevedo,saramonteiro@example.net,Câmara de Jesus,RS,2024-11-23
143,Pietro Almeida,martinslucas@example.com,Lopes,RJ,2025-08-22
144,Srta. Eduarda Cassiano,ysousa@example.com,Cassiano,AP,2025-03-17
145,Davi Luiz da Conceição,pachecogabriela@example.net,Ramos dos Dourados,RO,2025-12-17
146,Igor Mendonça,joao-miguelvieira@example.net,Camargo de Nascimento,AC,2025-01-10
147,Dr. Erick Fernandes,rcarvalho@example.org,Montenegro,RN,2024-12-08
148,Milena Sousa,vargascatarina@example.com,Martins,AP,2024-05-10
149,Isabel Martins,noahvieira@example.org,Casa Grande,PB,2025-06-18
150,Erick Costa,luiz-henrique49@example.com,Fernandes,MS,2024-09-18
151,Samuel Cavalcante,aviana@example.org,Mendonça,PA,2025-02-09
152,Srta. Eloá Barros,aragaomaria-luisa@example.net,Duarte de Rocha,PI,2025-09-05
153,Calebe Pereira,luara19@example.com,Monteiro,AP,2024-08-05
154,Srta. Lunna Pires,frocha@example.org,da Costa das Flores,RN,2025-06-09
155,Ian Fonseca,arthur-miguelfernandes@example.net,Barros,PR,2024-10-30
156,Maria Fernanda Pires,joao-guilhermecavalcante@example.org,Cunha do Norte,DF,2025-02-13
157,Sophie Rodrigues,vicenteferreira@example.org,Azevedo,RJ,2025-11-24
158,Joaquim Duarte,maria-eduardapastor@example.com,Nunes das Pedras,RR,2025-12-12
159,Manuela Moura,isabellada-costa@example.com,Aragão da Prata,TO,2024-07-19
160,Alice Oliveira,kaiquemoraes@example.net,Novais,TO,2026-02-25
161,Sra. Helena da Mota,mendoncazoe@example.net,da Costa,MT,2026-01-27
162,Gustavo Henrique Garcia,davi-luccaborges@example.org,Mendes Grande,BA,2025-04-17
163,Fernando Viana,xcavalcanti@example.net,Macedo do Galho,SC,2025-11-05
164,Ágatha Gonçalves,jose-miguel11@example.net,Andrade da Serra,DF,2025-01-31
165,Sr. Davi Miguel Pinto,gabrielcostela@example.org,Borges,MG,2025-10-16
166,Luiz Felipe Aparecida,mariahfonseca@example.org,Costa,DF,2026-01-22
167,Maria Vitória Ribeiro,juliaabreu@example.com,Jesus de Minas,MS,2025-03-07
168,Vinícius Casa Grande,mouramanuela@example.net,Santos da Praia,AM,2025-02-18
169,Antonella Aragão,da-rosamilena@example.net,Pastor do Sul,AC,2024-05-01
170,Ana Sophia Borges,biancamelo@example.com,Duarte dos Dourados,AP,2025-03-06
171,Sara da Luz,santosstella@example.net,Rocha de Macedo,AC,2025-08-19
172,Dr. Thiago Siqueira,vitor74@example.org,Cunha de Goiás,TO,2025-01-28
173,Srta. Natália Ribeiro,helena12@example.net,da Cunha das Pedras,PB,2024-06-03
174,Mirella Casa Grande,joao-lucasda-rocha@example.com,Teixeira,PE,2025-04-19
175,João Felipe Almeida,isabellapereira@example.com,Cardoso,MA,2025-12-19
176,Sra. Ana Sophia Mendonça,jadepimenta@example.net,Santos da Prata,AP,2025-10-21
177,Lorena Pereira,bpacheco@example.com,Jesus do Galho,MT,2025-10-28
178,Ágatha Guerra,cunhagiovanna@example.org,Costa,MA,2025-09-16
179,Benjamim Monteiro,fbrito@example.org,Carvalho do Campo,PE,2025-04-07
180,Jade Cardoso,ryancassiano@example.com,Cunha,SC,2024-08-23
181,Luan Moraes,andraderaquel@example.net,Cirino de Goiás,AM,2024-10-27
182,Srta. Maria Luiza Vasconcelos,mendoncaluisa@example.com,Fogaça,RJ,2024-07-13
183,Dra. Ana Cecília Oliveira,psiqueira@example.net,Macedo da Mata,RR,2025-12-10
184,Rebeca Aragão,caio27@example.net,Almeida de Aragão,SP,2025-12-26
185,Lucas Gabriel Cavalcanti,pietrofarias@example.net,Cirino,MT,2024-03-27
186,Anna Liz Souza,kevin77@example.com,Pastor da Serra,MT,2024-08-04
187,Ravi Lucca Montenegro,isis12@example.org,Andrade,MT,2024-12-02
188,Srta. Ana Beatriz Casa Grande,orocha@example.com,Teixeira,AP,2024-05-07
189,Liam Cardoso,ana-sophiaabreu@example.net,Guerra,AC,2025-05-16
190,Yago Barros,ana-clara48@example.org,Costa,RN,2026-01-13
191,Lucas Mendonça,da-motajoao-gabriel@example.org,Mendes,RO,2024-05-20
192,Bernardo Siqueira,marcelo53@example.com,Farias dos Dourados,RN,2024-11-23
193,Lívia Pastor,tazevedo@example.net,Cunha,MG,2025-07-18
194,Lorenzo Teixeira,moraesgiovanna@example.org,da Mota de Lima,PB,2024-12-18
195,Sra. Emanuelly Gomes,pedrocostela@example.net,Leão da Praia,RJ,2025-03-23
196,Alexia da Paz,brayanrios@example.net,Jesus,PE,2025-11-02
197,Cauã Caldeira,ypires@example.com,Vasconcelos,AM,2024-06-01
198,Srta. Maria Liz Vargas,juliadias@example.com,Almeida,CE,2024-04-24
199,Isis Azevedo,da-rosamaria-helena@example.com,Almeida,ES,2024-08-10
200,Enrico Castro,sguerra@example.com,Fernandes,CE,2024-08-21
201,Sra. Liz da Conceição,aparecidaluiz-miguel@example.net,Jesus do Oeste,SC,2025-04-08
202,Benicio Machado,psiqueira@example.org,Lima,CE,2026-02-10
203,Maria Sophia Mendonça,laisleao@example.net,Macedo do Norte,CE,2025-02-28
204,Maria Helena Lopes,pcampos@example.org,Sá do Oeste,PA,2025-02-27
205,Dra. Marina Novaes,cavalcanteasafe@example.com,Rezende do Norte,PB,2025-04-04
206,Isis Melo,kfernandes@example.org,Brito da Mata,RJ,2024-03-15
207,Marcos Vinicius Azevedo,fogacajose-miguel@example.com,Almeida,MG,2025-03-15
208,Francisco Sampaio,csouza@example.net,Pimenta,RO,2025-03-06
209,Ana Cecília da Mota,ecosta@example.com,da Mata,PB,2025-11-17
210,Miguel Vasconcelos,mariane50@example.org,Peixoto de Goiás,BA,2025-01-30
211,Bárbara Sá,gomesmaria-luiza@example.net,Machado,RN,2024-12-19
212,João Guilherme Novaes,theo13@example.org,Guerra Verde,SP,2025-05-19
213,Isaque da Conceição,mcarvalho@example.net,Viana da Serra,RJ,2026-02-12
214,Enrico Viana,sara24@example.org,da Paz,AP,2025-04-05
215,Sra. Cecília Moura,ana-juliapereira@example.net,da Paz do Galho,BA,2024-07-22
216,Ana Liz Lopes,agatha33@example.net,Santos,PB,2026-02-22
217,Ágatha Fogaça,zvieira@example.net,da Costa,MA,2024-07-27
218,Olívia Santos,alana44@example.com,Novais,RO,2025-06-12
219,Juliana da Cunha,franciscoribeiro@example.org,Melo da Prata,DF,2025-10-17
220,Lorenzo Gomes,fernanda86@example.net,Jesus,PA,2025-01-13
221,Rael Moreira,kmarques@example.com,Souza,AC,2024-09-24
222,Stella Sampaio,scassiano@example.org,Abreu da Serra,AL,2025-03-22
223,Letícia Pastor,mduarte@example.net,Garcia,DF,2025-10-08
224,José Miguel Ribeiro,maria-alicecasa-grande@example.net,Barros,PI,2025-05-13
225,Caio da Luz,vinicius54@example.org,Garcia do Amparo,CE,2025-06-16
226,João Lucas Pastor,esampaio@example.net,Albuquerque do Oeste,CE,2024-08-26
227,Ian Lima,agathaazevedo@example.com,das Neves,RS,2025-11-27
228,Matheus da Mota,jose42@example.org,Oliveira,DF,2025-01-31
229,Lavínia Costa,meloayla@example.org,Caldeira,PB,2024-07-18
230,Anthony Gabriel Borges,maria-laurafonseca@example.org,Cardoso do Campo,PE,2025-03-24
231,Maysa da Costa,renan88@example.net,Mendes de Camargo,MT,2025-10-12
232,Sarah Fogaça,scorreia@example.net,Sá de Novaes,MS,2026-02-21
233,Enrico Vieira,vargasjulia@example.com,Sá,RN,2025-01-16
234,Larissa Porto,da-pazluiza@example.net,Monteiro do Sul,PB,2025-12-15
235,Srta. Sophia Vargas,novaisjoao-lucas@example.net,Rocha do Oeste,MT,2024-04-01
236,Josué Ribeiro,vmoraes@example.org,Pacheco,AC,2026-01-24
237,Anthony Gabriel Caldeira,mda-costa@example.net,da Rosa,SP,2024-05-27
238,Stephany Cavalcanti,da-luzjoao@example.com,Pereira,RR,2024-05-25
239,Benício Ferreira,enascimento@example.net,Monteiro da Serra,AM,2024-05-10
240,Ana Carolina Costela,correiagael-henrique@example.org,Cavalcante do Oeste,TO,2024-07-09
241,Aylla Montenegro,jose-pedrosiqueira@example.com,Aparecida das Pedras,AM,2025-10-08
242,Oliver Silva,alicecassiano@example.net,Almeida das Flores,RJ,2024-11-23
243,Srta. Gabrielly Pinto,opacheco@example.com,Silva,AM,2024-10-03
244,Olivia Barbosa,hellena71@example.com,Brito,AP,2025-12-21
245,Antony Cavalcante,leaoolivia@example.net,Rezende,RR,2025-09-30
246,Clara Carvalho,tfreitas@example.com,Machado do Oeste,SP,2024-08-12
247,Emanuel Oliveira,maria-luiza71@example.com,da Cunha Paulista,CE,2024-10-04
248,Aylla da Rocha,guerrabenjamim@example.net,Barbosa da Prata,TO,2024-12-03
249,Mirella Marques,maria-liz73@example.net,Costela,DF,2025-06-09
250,Dra. Emanuelly Peixoto,isabellymendes@example.org,Machado das Pedras,MG,2024-12-18
251,Joaquim Fonseca,vda-rocha@example.net,Barbosa dos Dourados,AC,2024-05-05
252,Sra. Pietra Camargo,hadassateixeira@example.net,Ribeiro,PR,2025-05-04
253,Isabel Marques,dleao@example.com,Cavalcanti de Goiás,PR,2026-01-18
254,Helena Aparecida,manuelladuarte@example.net,Siqueira do Campo,RS,2025-11-11
255,Ana Beatriz Caldeira,caue01@example.org,da Mata,AL,2025-02-19
256,Sra. Alana Ramos,stella09@example.net,da Rocha do Amparo,AP,2025-06-05
257,Larissa Freitas,nicole92@example.org,Novais,SP,2024-06-24
258,Leandro Pires,rodrigoalbuquerque@example.com,Andrade,MS,2025-02-03
259,Juliana Lopes,olivia83@example.org,Sá do Campo,TO,2025-10-03
260,Lucca Rocha,maria-eduarda90@example.net,Pires,RN,2024-06-06
261,Sra. Luana Peixoto,gcampos@example.com,Brito de da Rocha,AP,2025-07-05
262,Arthur Gabriel Cavalcanti,cramos@example.net,Cavalcante,SP,2024-05-10
263,Luiza Martins,stella39@example.org,Vargas do Galho,RR,2025-07-23
264,Brenda da Cruz,soliveira@example.com,Dias,SC,2024-12-02
265,Dom Ferreira,gomesasafe@example.com,Marques,AC,2025-09-27
266,Maria Eduarda Nunes,barbosaoliver@example.org,Rocha,PA,2025-09-05
267,Maria Cecília Ramos,dpires@example.org,Freitas,AL,2024-05-03
268,Maria Dias,joao-guilhermemartins@example.net,Montenegro,SC,2024-09-15
269,Alícia Cardoso,cassianomaria@example.org,Sales,RO,2025-12-29
270,Mariane Santos,sabrinabarbosa@example.com,Moreira,RN,2025-07-13
271,Sr. Arthur Gabriel da Rosa,aragaogustavo@example.org,Gomes de Sales,RR,2026-01-20
272,Asafe Marques,maria-lauracasa-grande@example.net,Novaes,AC,2025-05-10
273,Maria Isis Souza,heitorrios@example.org,Ferreira,TO,2024-10-09
274,Alícia Mendes,ilopes@example.net,Camargo,RS,2025-12-03
275,Sophia Barbosa,xsilva@example.org,das Neves,SE,2024-03-15
276,Caleb Viana,yuri93@example.net,Cunha da Praia,RJ,2025-11-28
277,Srta. Natália Macedo,sarahsouza@example.org,Borges de Ramos,SC,2026-01-23
278,Hadassa Moreira,carlos-eduardomoreira@example.com,Freitas do Campo,AP,2025-01-05
279,Dr. Pedro Henrique Fernandes,diasbella@example.com,Sales da Serra,MS,2025-10-31
280,Maria Cecília Ramos,fda-paz@example.net,Fonseca de Costela,PE,2024-10-26
281,Luana Machado,levicunha@example.com,Costela do Campo,BA,2026-02-20
282,Maitê Farias,isabelda-costa@example.net,Santos,PR,2024-10-22
283,Luiz Gustavo Barbosa,mda-luz@example.com,Câmara,RO,2026-02-28
284,Sr. Guilherme Pinto,maria-flor46@example.com,Santos da Prata,MA,2024-05-03
285,André Garcia,antonionovais@example.net,Rios da Praia,TO,2024-08-21
286,Laís Melo,viniciusnunes@example.com,Aparecida,RN,2025-09-02
287,João Miguel Sousa,aparecidadiego@example.com,Caldeira de Fonseca,RO,2024-10-06
288,Joana Correia,ana-luiza26@example.com,Borges da Prata,AL,2024-07-13
289,Sr. Lucca Souza,cunhaleandro@example.com,Lopes da Prata,MG,2026-01-08
290,Otto Ramos,sabrina16@example.net,Azevedo,AP,2025-04-09
291,Anthony Lima,jcavalcanti@example.com,Pires,RR,2025-11-02
292,Dra. Luana Câmara,luan99@example.com,Cirino,AM,2025-02-18
293,Raquel Costela,freitaskaique@example.com,Borges,PE,2024-08-25
294,Clara Campos,ynogueira@example.com,Silveira,SC,2026-02-08
295,Maria Laura Cardoso,elisasilveira@example.net,Sousa,TO,2025-08-19
296,Arthur Nogueira,jnovaes@example.com,Correia de Sá,PE,2024-07-11
297,Davi Miguel Pinto,maria-eduardanovais@example.com,Santos de Minas,MS,2024-05-27
298,Pedro Henrique Cunha,rodriguespaulo@example.net,Rocha da Prata,MG,2024-08-27
299,Cecilia Pastor,da-cunhaemilly@example.org,Moura de Cardoso,RJ,2025-09-19
300,Maria Vitória Sousa,gmacedo@example.org,Nascimento,AL,2025-11-17
301,Dra. Ana Clara Fernandes,leaogabriela@example.com,Souza de Minas,RJ,2025-07-19
302,Rael Duarte,yan09@example.org,da Conceição,AP,2025-03-16
303,Aylla Moura,raquelbarbosa@example.com,Duarte de Minas,BA,2026-02-04
304,Luísa Carvalho,rnogueira@example.org,da Cruz do Norte,AC,2025-11-21
305,Valentim Costa,ssa@example.com,Rodrigues do Galho,RS,2024-07-10
306,Dr. Pietro Nunes,razevedo@example.com,Martins das Pedras,AC,2024-04-22
307,Davi Luiz Barbosa,wnovais@example.org,Barros,PI,2025-10-21
308,Aylla Camargo,ravi22@example.net,Pereira Alegre,RR,2025-07-07
309,Bella Barros,ianporto@example.org,Moraes,MG,2025-05-06
310,Pedro Lucas Barbosa,fborges@example.com,Lima Alegre,MG,2024-12-08
311,Yan Carvalho,pietroda-rocha@example.org,Melo,TO,2024-08-04
312,Pedro Marques,fernandafarias@example.net,Dias da Prata,AP,2024-05-26
313,Sra. Esther Leão,da-cruzliam@example.org,Porto de Silveira,SC,2024-06-24
314,Dra. Fernanda Moraes,isabellyda-paz@example.net,Nascimento,PR,2025-03-14
315,Francisco Montenegro,enzo24@example.net,Ribeiro de Goiás,PR,2025-12-13
316,Benício Porto,vinicius25@example.net,Alves,RS,2024-12-24
317,Sr. Vicente Rodrigues,edias@example.net,Machado de Rodrigues,RR,2024-11-30
318,Theo Barbosa,emonteiro@example.net,Marques de Ribeiro,PA,2025-02-07
319,Dr. Vicente Correia,da-mataleo@example.org,Monteiro,RO,2024-07-27
320,Maria Cecília Farias,maria-clara60@example.com,Novais do Sul,MA,2025-09-08
321,Emanuelly Camargo,correiaravy@example.net,Pinto,TO,2025-06-27
322,Lucas Gabriel Rodrigues,barrosyasmin@example.com,Aparecida Paulista,GO,2025-11-07
323,Stephany Ferreira,nathan17@example.net,Pires,AL,2025-03-05
324,Dom Viana,rafaelamoreira@example.com,Nunes,PB,2024-07-22
325,Eduardo Costa,fcunha@example.net,Leão de Freitas,SC,2024-08-17
326,Melissa Porto,borgespaulo@example.org,Azevedo,MA,2026-02-11
327,Dr. Diogo Silva,julianovais@example.org,Martins Grande,RJ,2026-02-28
328,Luara Cassiano,ianmelo@example.org,Siqueira de Martins,SC,2025-08-09
329,Kamilly Lima,davi-lucca54@example.org,Cardoso,RN,2024-07-19
330,Maria Eduarda Fernandes,casa-grandeleonardo@example.org,Farias,CE,2025-01-05
331,Benicio Vieira,maria-sophia99@example.com,Machado,MS,2025-12-01
332,Luiz Fernando Carvalho,kaparecida@example.net,Novaes,SE,2026-02-11
333,Renan Fernandes,camarabenicio@example.org,Duarte da Serra,RJ,2024-12-08
334,Dr. Rael Brito,fernanda25@example.com,Macedo da Prata,ES,2025-03-21
335,Ana Vitória da Costa,moreiranicolas@example.net,Carvalho Alegre,RS,2024-05-24
336,Yasmin Fonseca,rodrigueslarissa@example.org,Almeida do Campo,AC,2025-12-02
337,Augusto da Conceição,borgesbento@example.org,Porto,PE,2025-01-30
338,Sophia Pinto,lbarros@example.com,Rocha,AL,2025-11-23
339,Ravi Lucca Martins,danilo86@example.org,Barros de Goiás,MT,2025-03-31
340,Heitor Pastor,melina04@example.net,Gonçalves de das Neves,BA,2025-08-11
341,Vitória da Rocha,nunesjulia@example.net,da Mota,MT,2024-08-29
342,Calebe Moreira,pastorlucas-gabriel@example.org,Leão,ES,2024-07-25
343,Davi da Costa,rmoreira@example.net,da Mata de Aragão,MS,2024-06-05
344,Júlia Martins,moreiramaria-julia@example.com,da Conceição,RN,2024-12-01
345,Sr. Vinicius Costa,goncalvesotavio@example.com,Nogueira de Campos,TO,2025-05-24
346,Murilo Camargo,pda-cunha@example.net,das Neves,MS,2025-05-14
347,Sophie Santos,araujoemanuelly@example.org,Sampaio,PI,2024-08-30
348,Rhavi da Rosa,clara35@example.com,da Mata,MS,2026-02-09
349,João Felipe Monteiro,costacaleb@example.com,Freitas,ES,2026-01-05
350,Nicolas Pacheco,cunhazoe@example.net,Azevedo,GO,2024-07-16
351,Ana Beatriz Mendonça,caue04@example.org,Pacheco do Galho,SC,2025-11-07
352,Mathias Farias,bianca19@example.net,Pires do Campo,RS,2025-04-14
353,Alexia Vargas,ymartins@example.org,Porto de Guerra,SE,2025-08-06
354,Mateus Lima,mdias@example.org,Moraes de Gomes,RO,2024-10-05
355,Isaac Cassiano,ninafogaca@example.org,Nogueira,DF,2025-03-01
356,Bárbara Lima,mayasales@example.com,das Neves,SC,2024-09-03
357,Maria Cecília Castro,castrojoao-vitor@example.com,Silva Verde,AC,2024-09-11
358,Ravi Siqueira,marcela38@example.org,Vieira Paulista,MG,2024-06-19
359,Joana Sousa,zsousa@example.org,Nogueira,MS,2024-07-25
360,Antonella Costela,alvescarlos-eduardo@example.net,Costela,MS,2025-05-28
361,Davi Lucas Farias,vleao@example.net,da Luz da Praia,CE,2025-07-21
362,Ana Júlia da Costa,rafaelarezende@example.com,Vieira de Brito,MG,2025-10-16
363,José Garcia,lmoraes@example.com,Leão de Goiás,RN,2025-01-16
364,Dr. Emanuel Casa Grande,gustavosouza@example.com,Montenegro,RS,2024-09-14
365,Arthur Gabriel Garcia,ufreitas@example.com,Barbosa do Amparo,ES,2024-06-23
366,Maria Clara Camargo,rsouza@example.com,Sá da Praia,MA,2025-11-20
367,Antônio Mendonça,levi01@example.org,Pastor,GO,2024-05-09
368,Heloisa Santos,igormoreira@example.net,Andrade de Camargo,AL,2025-02-16
369,Allana Cirino,maria-clara70@example.net,Caldeira de Rodrigues,SE,2025-07-22
370,Davi Lucca Mendonça,theopinto@example.org,Cirino,ES,2025-04-05
371,Vitor Hugo Vargas,vinicius36@example.net,Cavalcante dos Dourados,AM,2025-04-25
372,Sra. Stephany da Rosa,ngarcia@example.com,Araújo,ES,2024-09-01
373,Sr. Arthur Peixoto,brayan83@example.org,da Rosa,RS,2025-05-31
374,Sra. Sara Nascimento,cirinoana-liz@example.org,Mendes Paulista,PA,2026-02-27
375,Sr. Matteo Almeida,pintobarbara@example.org,da Mata,SP,2025-06-25
376,Ian Barros,joao-miguelteixeira@example.net,Leão,MS,2024-06-01
377,Calebe Cavalcanti,fariasgustavo@example.com,Duarte,GO,2025-07-28
378,Anna Liz da Mata,camposcalebe@example.net,Aragão,RR,2025-12-26
379,Antony Campos,ana-liviaaraujo@example.org,Costa,RJ,2025-04-26
380,Davi Miguel Fogaça,isis66@example.com,da Mata de da Cruz,RN,2024-04-15
381,Camila Moura,cduarte@example.org,da Rosa do Galho,ES,2024-09-13
382,Gustavo Silva,mendoncaana-vitoria@example.com,Almeida do Campo,AP,2025-07-28
383,Dr. Antony Sales,anagoncalves@example.org,Cunha,MG,2025-03-26
384,Luiz Felipe Lima,fogacastella@example.org,Albuquerque de Cassiano,PA,2025-04-19
385,Rafael Pinto,nascimentobeatriz@example.net,Pacheco,MS,2024-11-13
386,Rafaela Correia,bianca20@example.org,Casa Grande Verde,PE,2025-02-24
387,Davi Miguel Abreu,antonyfernandes@example.net,Pinto,RO,2024-07-28
388,Danilo Fogaça,sophiarocha@example.net,Souza,AP,2025-06-30
389,Benicio Azevedo,eduardopimenta@example.net,Andrade,MS,2024-09-24
390,Maysa Silva,udias@example.org,Rios da Mata,MA,2024-11-25
391,Luiz Otávio Souza,da-cruzmathias@example.com,Ribeiro da Serra,SC,2024-11-27
392,Isaac Pastor,da-rosanatalia@example.com,Correia das Pedras,MS,2024-04-09
393,João Miguel Souza,isis51@example.org,das Neves de Mendes,RR,2026-02-12
394,Maria Fernanda Oliveira,santosana-laura@example.com,Novaes da Serra,MS,2025-11-12
395,Maria Clara Fonseca,isouza@example.com,da Mota,AP,2025-07-30
396,Bento Machado,julia39@example.org,Ribeiro,MT,2024-08-30
397,Sara Santos,leorezende@example.org,Azevedo Paulista,SE,2024-07-23
398,Arthur Gabriel da Paz,pda-rocha@example.com,Castro da Serra,GO,2025-12-27
399,Luiz Otávio da Luz,thalesdas-neves@example.org,Teixeira do Galho,RN,2025-08-10
400,José Sousa,da-cunhabento@example.com,Pimenta,PI,2024-08-13
401,Manuela Garcia,da-conceicaoantony@example.org,Novais,SE,2025-02-06
402,Srta. Eloah Aparecida,elisa25@example.com,Barros,MA,2025-04-25
403,Miguel Castro,bcardoso@example.com,da Rocha,CE,2025-07-17
404,Aylla Nunes,bmoreira@example.net,Campos da Prata,AM,2024-03-20
405,Isabella Sousa,davi00@example.org,Santos de Goiás,RN,2025-02-06
406,Matteo Duarte,ceciliada-rosa@example.com,Alves de Barros,RN,2025-12-02
407,Cecília Martins,vpimenta@example.com,Nogueira,RJ,2024-03-16
408,Srta. Júlia Garcia,fsa@example.org,Brito,RR,2024-03-17
409,Lorena Mendes,allana59@example.org,Abreu do Norte,MG,2025-10-02
410,Isabella Moreira,lauracavalcanti@example.com,Rezende de Rodrigues,AP,2025-12-22
411,Bianca Siqueira,ana-beatriz49@example.com,Albuquerque de Brito,AL,2024-04-30
412,Stella Oliveira,xramos@example.com,Martins,SC,2024-03-26
413,Rodrigo da Cruz,anthony-gabriel03@example.net,Mendes,AP,2025-09-19
414,Luigi Mendes,brunaoliveira@example.net,Fonseca dos Dourados,PA,2025-06-13
415,Lunna Martins,maria-cecilia72@example.org,Almeida,PR,2025-07-09
416,Juan Martins,viniciusalbuquerque@example.org,Farias do Sul,SC,2025-05-03
417,Dr. Lucca Monteiro,cardosoasafe@example.net,Ramos do Sul,PI,2025-06-27
418,Isabelly da Conceição,anthony-gabrielmoura@example.net,da Conceição,PR,2024-04-11
419,Luiz Henrique Caldeira,kfreitas@example.org,Melo,PR,2025-01-23
420,Cecília Ramos,rezendevicente@example.com,Barbosa de Melo,PI,2025-10-21
421,Yasmin Pastor,ycavalcante@example.net,Leão de da Mata,DF,2025-04-26
422,Vitória Machado,jade51@example.net,Siqueira,TO,2024-08-28
423,Sra. Lunna Pimenta,ana-lizgomes@example.com,Gomes,AP,2024-08-19
424,Bento Alves,ana-cecilia59@example.org,Duarte,AL,2024-11-23
425,Sara Araújo,cfarias@example.net,Silva das Pedras,SC,2024-09-19
426,Antonella Vasconcelos,guilhermemoura@example.com,Pinto,ES,2024-03-26
427,Luana Souza,snunes@example.com,Pastor,ES,2025-07-06
428,Ana Carolina Barros,bmoreira@example.com,Brito das Flores,MS,2026-02-12
429,Maria da Luz,uvargas@example.net,Pinto de Sales,AC,2026-01-27
430,Maitê Fernandes,isabella24@example.org,da Luz,SE,2024-04-30
431,Enzo Gabriel Fernandes,teixeirahenrique@example.net,Nascimento,TO,2024-03-27
432,Dr. Ryan Nogueira,mayamonteiro@example.com,Alves do Galho,RN,2024-05-25
433,Enrico Moraes,npeixoto@example.net,Siqueira,RR,2024-09-02
434,Caleb Câmara,maria-eduarda77@example.org,Correia,DF,2024-03-16
435,Pedro Miguel Vieira,enzo02@example.com,Pacheco Grande,GO,2024-09-14
436,Anthony Gabriel Sá,aragaosabrina@example.org,Freitas,DF,2025-11-16
437,Leonardo Cunha,nogueirajoao-guilherme@example.org,da Mata da Mata,RO,2024-09-18
438,Dante Guerra,lais82@example.org,Araújo da Mata,PI,2025-02-03
439,Sr. Davi Lucas Casa Grande,levi29@example.org,Moura de Barros,AC,2025-08-13
440,Sr. Breno Barros,agatha47@example.com,Almeida,SP,2025-08-20
441,Fernanda Pacheco,melina38@example.net,Marques,RN,2025-09-13
442,Nina Vasconcelos,isadora71@example.org,Mendonça de Nunes,ES,2025-06-02
443,Vicente Siqueira,nascimentoleticia@example.com,Martins,SP,2024-07-22
444,Benício da Mota,pedroalbuquerque@example.com,Garcia de Duarte,PR,2024-08-21
445,Otto Andrade,yda-cruz@example.org,Ribeiro,RO,2025-09-16
446,Luan Cirino,andre92@example.net,Fernandes da Serra,SE,2024-08-25
447,Dr. José Silveira,aurorasousa@example.org,Nunes,TO,2024-09-19
448,Anthony Fogaça,maria-liz91@example.com,Borges,AM,2024-12-24
449,Sr. Calebe Montenegro,nogueiramaria-sophia@example.org,Cirino da Serra,RR,2025-03-05
450,Isabella Ramos,luiz-miguel73@example.org,Alves,CE,2025-11-08
451,Vitor Casa Grande,amelo@example.org,Correia,AM,2025-12-10
452,Srta. Isabelly Moura,pauloda-cunha@example.org,Rios,PA,2025-09-05
453,Yan Nascimento,bsilveira@example.net,da Rocha,RN,2025-01-17
454,Maria Alice Lima,marianemonteiro@example.org,Montenegro de Peixoto,PE,2025-03-04
455,Brenda Mendonça,gustavo62@example.net,Correia,PI,2025-01-25
456,Mariane da Luz,ravi-lucca46@example.com,Farias da Mata,RJ,2025-04-09
457,Diogo Carvalho,zrocha@example.org,Sales,SE,2025-10-05
458,Lucca Costela,raulalmeida@example.com,Costa,AL,2025-09-30
459,Mathias Cavalcanti,walves@example.com,Brito,AM,2024-07-17
460,Luísa Macedo,nmendonca@example.org,Castro,MT,2025-02-03
461,Maria Eduarda Cassiano,sofia28@example.net,Caldeira,PR,2024-04-10
462,Dra. Mariana Dias,vianalivia@example.net,Martins,BA,2026-03-10
463,Henrique Novais,gabriel64@example.net,Borges,PI,2024-12-05
464,Brenda Souza,luiz-felipefogaca@example.org,Mendonça,DF,2025-08-11
465,Francisco Monteiro,marcela28@example.org,Mendes do Norte,PA,2025-05-10
466,Ravi Rocha,ericknovais@example.net,Ferreira,PE,2024-09-06
467,Mirella da Mata,jesusalexandre@example.net,Castro Grande,PI,2024-07-28
468,Rhavi Câmara,apollofarias@example.com,Campos do Campo,RS,2025-02-22
469,Augusto Aparecida,ana-liviaaragao@example.org,Almeida,PE,2025-01-03
470,Enzo Nascimento,benjamimborges@example.org,Montenegro,AP,2024-10-18
471,Gustavo Henrique Rodrigues,maria-ceciliamarques@example.com,Camargo Paulista,MA,2024-08-17
472,Sara Dias,ryanramos@example.com,Rodrigues,AM,2025-04-10
473,Miguel Rezende,kjesus@example.com,Pires Grande,SE,2024-06-25
474,Mariane da Costa,emanuelly31@example.org,Viana de Vasconcelos,SE,2024-10-18
475,Bernardo Montenegro,emilly09@example.com,Teixeira de Teixeira,RJ,2025-12-08
476,Clara Aragão,anovaes@example.com,Brito,BA,2025-08-09
477,João Lucas Vasconcelos,sophia95@example.com,Mendes da Serra,AP,2024-12-29
478,Henry da Mata,carolinajesus@example.com,Rios do Norte,RO,2024-12-14
479,Dra. Luna Mendes,unovaes@example.net,Pinto,RJ,2024-12-01
480,Heloísa Silveira,giovannavargas@example.org,Rios do Oeste,RN,2024-08-25
481,Raul Garcia,luiz-felipe27@example.org,Sousa,AC,2024-07-17
482,Gabriel Silveira,cavalcantilucca@example.org,Pacheco,MS,2024-07-09
483,Bruna Freitas,vitoria10@example.net,da Costa das Flores,PB,2024-11-12
484,Murilo Nogueira,ravi69@example.net,Dias,TO,2024-08-15
485,Maria Alice da Cunha,barrosbianca@example.net,Rios,AM,2024-08-08
486,Luiz Otávio Sales,alvesdiogo@example.org,Caldeira Alegre,AC,2025-03-09
487,Cauã Costela,qoliveira@example.net,Rezende,PA,2024-05-28
488,Marcela Borges,barbara31@example.org,Garcia de Pacheco,RN,2025-08-27
489,Sr. Rafael Guerra,ycirino@example.com,Montenegro Alegre,MA,2024-11-04
490,Ayla Caldeira,thomasborges@example.net,da Costa,PB,2025-09-23
491,Alícia Rios,josue26@example.net,Rios Alegre,PA,2025-10-02
492,Rael Sampaio,luiz-felipe60@example.org,Guerra da Prata,RO,2025-12-04
493,Cecília das Neves,diogoda-mata@example.net,Costa das Pedras,SC,2025-01-03
494,Joaquim Ramos,da-pazcaio@example.org,Cavalcante dos Dourados,RJ,2025-02-25
495,Pedro Miguel Caldeira,beatrizrodrigues@example.com,Gonçalves da Prata,SP,2026-02-09
496,Alícia Souza,bella24@example.net,da Cruz do Campo,ES,2025-10-05
497,Dra. Luna Cunha,freitasaurora@example.org,da Mata de Ramos,AC,2024-03-23
498,Ryan Guerra,eduarda52@example.org,Rios,PR,2024-10-04
499,Cecília Aragão,bianca56@example.org,da Costa das Flores,AL,2025-12-23
500,Milena Santos,alice44@example.com,da Cruz Grande,GO,2025-05-17
501,Letícia Barbosa,gpeixoto@example.org,Sá,CE,2024-06-19
502,Mateus Nogueira,lavinia02@example.org,Nunes,DF,2026-02-07
503,Felipe Aparecida,siqueiralucca@example.org,Cunha,SC,2025-08-10
504,Maria Vitória Lopes,idias@example.net,Castro,PR,2025-03-04
505,Theo Campos,kaique22@example.net,Oliveira Alegre,GO,2024-06-24
506,Cauê Gonçalves,enzo-gabriel26@example.org,Silva,GO,2025-10-08
507,Caroline Vieira,cirinootto@example.com,Porto,TO,2024-05-02
508,Augusto Sousa,rsilveira@example.net,Barbosa do Oeste,GO,2024-04-14
509,Enzo Gabriel Costa,cavalcantidavi@example.org,Vasconcelos de Goiás,AC,2025-09-27
510,Mateus Gomes,rhaviandrade@example.org,Andrade,PA,2025-06-19
511,Emilly da Luz,anovais@example.net,Silva,RJ,2024-04-25
512,Elisa Cunha,jcavalcante@example.org,Rezende de da Conceição,ES,2025-12-16
513,Dra. Sabrina Carvalho,lda-costa@example.com,Pimenta de Minas,PR,2024-07-11
514,Luiz Otávio Araújo,brunapimenta@example.com,Souza,SE,2025-08-26
515,Ryan Freitas,trios@example.net,Teixeira das Pedras,PI,2024-07-08
516,Isabel Moura,pintobianca@example.org,Rezende de Nunes,RN,2025-07-25
517,Theodoro Freitas,ninasiqueira@example.net,Novaes de Souza,MT,2024-09-27
518,Isabella Porto,marcelonogueira@example.com,Mendes dos Dourados,PI,2024-04-01
519,João Guilherme Moraes,zcamargo@example.com,Ramos,PB,2025-03-29
520,Ana Lívia Carvalho,thiago19@example.org,Aragão de Fogaça,MG,2024-11-01
521,Dr. Danilo da Mota,rezendehelena@example.com,Fernandes,AC,2024-05-26
522,Nina Rocha,maria-luizacaldeira@example.com,Duarte Paulista,PE,2025-08-30
523,Dr. Noah da Luz,da-luzgael-henrique@example.net,Pinto,PA,2024-12-14
524,Sra. Juliana Abreu,maria-luiza34@example.net,Ribeiro,TO,2026-01-08
525,Dr. Gustavo Henrique Teixeira,fernanda11@example.org,Almeida,MA,2025-06-22
526,Maitê Ramos,heloisa91@example.net,Pimenta do Campo,AC,2025-09-28
527,Isis da Rocha,ucassiano@example.com,Castro,RO,2026-01-01
528,Pedro Miguel Aragão,rezendeisaque@example.org,Moreira de Goiás,RS,2026-02-03
529,Renan Gomes,estervieira@example.com,Rodrigues da Prata,TO,2025-11-06
530,Antony Melo,hrodrigues@example.org,das Neves de Costela,PI,2025-03-24
531,Clara Castro,machadosophia@example.org,Sá,RS,2025-01-27
532,Pietra Nascimento,renan76@example.net,Azevedo Paulista,TO,2025-07-11
533,José Farias,ojesus@example.com,Jesus do Amparo,MT,2024-06-15
534,Davi Miguel Novais,eleao@example.net,Sampaio,AC,2024-11-19
535,Dra. Cecília Pinto,sabrina26@example.org,Caldeira Verde,PB,2025-11-04
536,Vitor Macedo,olivia86@example.com,Rios,ES,2025-11-11
537,Francisco da Cunha,julianaaraujo@example.org,Rodrigues,SE,2024-04-30
538,Srta. Ágatha Vasconcelos,murilomarques@example.org,Albuquerque,BA,2025-07-18
539,Benício Leão,ksiqueira@example.com,Marques,RS,2025-09-17
540,Lucas Aragão,guerraandre@example.org,Machado,MA,2025-04-09
541,Ana Beatriz Siqueira,catarinada-mota@example.net,Lopes,CE,2024-08-05
542,Davi Lucca Vargas,pcarvalho@example.org,Casa Grande de Moraes,MS,2024-09-05
543,Marcelo Albuquerque,pfernandes@example.org,da Cunha,DF,2024-06-24
544,Leandro Barros,pandrade@example.com,Pires,MA,2024-11-30
545,Luara Câmara,lucas-gabriel99@example.com,Câmara do Norte,AM,2025-12-18
546,Dr. Leandro Rezende,bruna05@example.net,Alves Grande,RS,2025-06-20
547,João Guilherme Sales,da-costaantonio@example.org,Moraes,ES,2024-10-08
548,Isabel Nascimento,vicentecirino@example.com,Souza,PR,2024-11-09
549,Alexia Ribeiro,lizcunha@example.org,Cardoso de Porto,SE,2025-06-21
550,Alana Pires,liamda-rosa@example.com,Santos,SP,2024-10-16
551,Bernardo Lopes,pintopietra@example.com,Azevedo de das Neves,CE,2025-01-13
552,Liz da Luz,da-rosalorenzo@example.com,da Paz Paulista,SE,2025-04-27
553,Joana Pinto,rezendejuan@example.org,da Mata da Serra,SP,2024-04-21
554,Srta. Luana Mendes,jnovaes@example.com,da Cruz do Galho,PI,2025-04-04
555,Thales Machado,da-cruzthiago@example.org,Andrade,MA,2024-05-04
556,Luiz Henrique Pires,vicentemartins@example.net,Viana do Sul,DF,2024-08-02
557,Vicente da Cruz,maria-lauramoraes@example.com,Ramos de Sales,MT,2025-05-11
558,Ana Julia Rezende,omoraes@example.com,Monteiro de Porto,AP,2024-04-04
559,Ana Sophia Viana,aragaoluiz-miguel@example.com,Costela,SC,2024-12-21
560,Alice Barbosa,brenda83@example.net,Mendes,GO,2026-02-03
561,Maya Moraes,rochayago@example.net,Silveira,TO,2024-07-02
562,Srta. Nicole Pastor,cardosokaique@example.com,Andrade,SE,2024-03-31
563,Srta. Rafaela Albuquerque,cunhapedro@example.org,Dias,AP,2024-03-31
564,Sra. Luana Brito,tguerra@example.org,Azevedo do Norte,RS,2026-01-07
565,Levi Pastor,hellena31@example.com,Jesus das Flores,RR,2024-05-11
566,Igor Barros,garagao@example.net,Melo,MG,2024-03-24
567,Srta. Isabella Souza,hsa@example.org,Brito do Amparo,MT,2025-03-30
568,Arthur Miguel Caldeira,ravi-luccaoliveira@example.com,Silva,MT,2024-05-15
569,Ian Siqueira,mourahellena@example.org,Cavalcanti da Prata,RO,2025-05-13
570,Lara Nunes,dlopes@example.org,Brito de Montenegro,PE,2025-01-31
571,Ana Vitória Moreira,eramos@example.org,Albuquerque Grande,PE,2025-05-11
572,Leonardo da Mata,fernandeslais@example.com,Sampaio,ES,2026-03-03
573,Emanuella Pereira,svieira@example.org,Borges de Pires,AP,2024-11-06
574,Noah Pacheco,martinsana-luiza@example.com,Costa de Minas,SP,2025-05-20
575,Sra. Pietra Dias,knovaes@example.org,Farias do Norte,ES,2025-09-19
576,Alana Nascimento,juliabarros@example.net,Araújo do Campo,MA,2026-01-07
577,Gustavo Henrique Melo,da-cruzlavinia@example.com,Rocha Grande,RR,2025-04-14
578,Eloá Nascimento,barbararodrigues@example.com,da Cruz da Mata,GO,2025-11-23
579,Sarah da Rosa,inascimento@example.org,Novais do Galho,RS,2025-06-02
580,Davi Lima,zoeazevedo@example.org,Abreu de Abreu,AC,2025-07-01
581,Isis Fonseca,zda-mata@example.com,Fernandes,RN,2024-05-30
582,Lunna Caldeira,rochaemilly@example.com,das Neves de Viana,DF,2025-06-11
583,Lucas Rocha,mendeskaique@example.org,Machado,AL,2024-03-15
584,Vitor Castro,zrezende@example.com,Vargas da Mata,SP,2025-12-22
585,Dra. Sabrina Moreira,borgesvalentim@example.com,Fernandes,RN,2025-10-03
586,Srta. Heloísa Lima,isis94@example.com,Fernandes da Serra,PE,2024-12-10
587,Luan Moraes,wmendes@example.org,da Mata de Machado,PR,2026-02-03
588,Vicente Monteiro,msousa@example.com,Pastor dos Dourados,CE,2026-02-23
589,Caleb Fonseca,borgescatarina@example.net,Silveira do Galho,AL,2025-10-25
590,Breno Peixoto,maria-luizapastor@example.org,Sousa do Sul,AP,2025-07-21
591,Srta. Maria Vitória Dias,meloolivia@example.com,Nascimento de Minas,MG,2024-10-01
592,Laura Lima,ravi35@example.com,da Luz,CE,2024-11-12
593,Srta. Ayla Pimenta,casa-grandeana-julia@example.net,Vieira do Campo,TO,2025-12-19
594,Yan Duarte,julia50@example.org,Silva,ES,2024-07-18
595,Gabriel Novais,asousa@example.net,Dias,MG,2025-10-29
596,Dr. Francisco Barbosa,enzo06@example.org,Camargo do Amparo,AP,2025-01-31
597,Vinícius Brito,maria-liz72@example.com,Freitas de Ramos,CE,2025-12-09
598,Antônio Rodrigues,fernandesmaite@example.org,Martins do Galho,SP,2024-12-27
599,Erick Andrade,souzajulia@example.org,Dias,PB,2025-06-19
600,Mariana Vargas,oliverda-mata@example.org,Souza do Galho,PR,2025-03-19
601,Sarah Sales,julia85@example.com,Brito,PB,2025-06-24
602,Eduardo Costela,iferreira@example.org,Almeida,MA,2025-03-19
603,João Gabriel Martins,luancastro@example.org,Pimenta,PE,2025-02-09
604,Fernando Cunha,maria-eduardamendonca@example.com,Barros da Prata,AL,2026-01-18
605,João Lucas da Luz,gabriela18@example.com,Sales,TO,2025-02-16
606,Alice Campos,joana90@example.org,Moreira,SE,2025-03-24
607,Carlos Eduardo Pastor,da-luzmelissa@example.com,Leão de Moreira,PR,2025-06-24
608,Ísis Alves,xfreitas@example.com,Carvalho da Praia,RO,2024-05-13
609,Yuri Macedo,cirinoantonella@example.com,Monteiro de Goiás,SC,2024-12-12
610,Sra. Maria Júlia Borges,marcos-viniciusdas-neves@example.org,Correia,RS,2024-12-08
611,Dr. Vitor Nunes,peixotoagatha@example.org,Albuquerque dos Dourados,TO,2024-08-10
612,Laura da Paz,pachecojulia@example.org,Viana da Prata,GO,2025-03-10
613,Zoe Ribeiro,anna-lizfogaca@example.org,Abreu Grande,RN,2024-11-05
614,Erick Correia,nogueiradante@example.org,Rios,AM,2026-01-01
615,Isadora Camargo,ycamargo@example.net,Dias do Sul,PB,2025-08-13
616,Sr. Lucas Gabriel Martins,erick26@example.org,Nunes da Serra,DF,2024-04-04
617,Pietra Fernandes,da-matalara@example.org,Pacheco,AP,2025-12-18
618,Maria Júlia Monteiro,arthur-gabrielmoreira@example.com,Teixeira,GO,2026-01-06
619,Maria Fernanda Souza,ycamargo@example.org,Sousa,PE,2024-08-26
620,Maria Flor Rodrigues,giovanna71@example.com,Sá,CE,2024-08-13
621,Maya Guerra,vargasagatha@example.org,da Luz,TO,2024-03-31
622,Sr. Cauê Viana,sophie06@example.net,Vasconcelos do Campo,RR,2024-12-19
623,Sra. Emanuelly Câmara,wrodrigues@example.net,Vargas de Fogaça,SP,2024-05-28
624,Mateus Peixoto,anna-liz94@example.org,Câmara do Sul,AC,2024-12-14
625,Maria Luiza Leão,vitor-gabriel75@example.com,Freitas de Abreu,AM,2026-01-09
626,Kaique da Paz,allanagomes@example.org,Fernandes,AP,2025-08-10
627,Yan Lopes,renan27@example.net,da Cunha das Pedras,ES,2026-01-15
628,Elisa Sá,duartehelena@example.net,Siqueira,PR,2024-07-31
629,Dr. Yuri Lima,tcarvalho@example.net,Pereira de Garcia,AL,2026-01-19
630,João Miguel Abreu,iaraujo@example.com,da Rocha,DF,2024-08-24
631,Isabelly da Conceição,carlos-eduardosouza@example.net,Araújo,MS,2026-01-18
632,Dr. Leandro Casa Grande,ymelo@example.org,Caldeira do Oeste,BA,2024-03-17
633,Enzo Gabriel Guerra,andradejoao-vitor@example.net,da Cunha de Ferreira,SE,2025-04-16
634,Srta. Ana Luiza da Conceição,riosdavi-miguel@example.com,Melo do Oeste,RS,2025-05-04
635,Davi Lucas Guerra,hmendes@example.com,Mendes,TO,2025-07-09
636,Mariah Dias,montenegrogustavo-henrique@example.com,Vasconcelos,RN,2024-06-13
637,Davi Andrade,isis63@example.net,Aparecida,DF,2024-04-12
638,Isabella Jesus,beatriz62@example.com,Garcia,SC,2025-01-19
639,Sr. Mateus Aragão,henry61@example.org,Borges,PA,2026-02-12
640,Maria Laura Barros,maria-ceciliafogaca@example.org,Santos Grande,PA,2024-03-28
641,Kamilly da Luz,eduardaabreu@example.org,Costa,RJ,2024-08-05
642,Sra. Bella Montenegro,da-rosaalexandre@example.net,Ribeiro das Flores,GO,2026-03-03
643,Dra. Mariane Campos,agomes@example.net,Farias,SP,2026-02-16
644,Sr. Ravi Barros,xsantos@example.org,da Luz Alegre,DF,2025-05-03
645,Maria Fernanda Novais,cmontenegro@example.org,Rezende,AC,2025-12-01
646,Júlia Campos,marcela11@example.com,Costela de Nogueira,TO,2025-05-26
647,Isabel Dias,fernanda23@example.net,Novais,GO,2025-05-30
648,Isabella Martins,stellacostela@example.org,Albuquerque das Pedras,BA,2025-10-10
649,Maria Eduarda Vasconcelos,hadassacampos@example.org,da Conceição Grande,CE,2025-09-27
650,Jade Pastor,leo80@example.com,Rocha do Campo,PB,2024-12-29
651,Sarah Cavalcanti,davi-luccada-conceicao@example.net,Macedo dos Dourados,PB,2024-07-01
652,Brenda Nascimento,cirinojoao-felipe@example.com,Rocha do Campo,MG,2024-06-19
653,Aurora Borges,heitor40@example.org,Sampaio de Nunes,MS,2025-01-24
654,Theodoro Cunha,brayanrodrigues@example.net,Novais de Goiás,PE,2025-03-16
655,Erick Vieira,nogueiradiogo@example.org,Silva,DF,2024-11-04
656,Ana Júlia Almeida,luizaribeiro@example.net,Rezende,PE,2024-04-18
657,Maria Júlia Silva,camaraluiz-gustavo@example.net,Costa de Minas,PB,2025-04-30
658,Anna Liz Correia,ana-laura97@example.com,Vargas,MA,2026-02-02
659,Olivia da Paz,gmoreira@example.com,Moura,RS,2024-05-03
660,Gael Henrique Moura,monteironina@example.org,Montenegro,CE,2024-07-27
661,João Pimenta,moraesmaria-luiza@example.net,Pacheco de Goiás,ES,2025-04-15
662,Srta. Camila da Conceição,carlos-eduardosilveira@example.net,Câmara Paulista,MS,2024-06-21
663,Amanda Garcia,raul33@example.net,Mendes,MT,2024-05-01
664,Kamilly Ramos,manuella32@example.com,Garcia,PE,2024-03-20
665,Paulo Pacheco,arthurdias@example.net,Vasconcelos,PR,2025-01-15
666,Juliana da Luz,pcarvalho@example.org,Andrade,SC,2024-07-02
667,Sara Correia,vianastephany@example.com,Moreira dos Dourados,AP,2024-06-11
668,Sra. Manuella Sousa,joao-guilherme23@example.com,Correia de Minas,RN,2024-10-11
669,Pietro Barbosa,martinsgabriela@example.net,Ramos,MT,2025-04-21
670,Henrique Viana,gustavo79@example.net,Barbosa,DF,2024-08-01
671,Danilo Nunes,eandrade@example.org,Leão Grande,RJ,2024-10-12
672,Dr. Heitor Vieira,maria-vitoriamartins@example.com,Sales,SC,2026-01-11
673,Isabelly Fonseca,gcampos@example.org,Campos,AM,2024-07-25
674,Ravi Lucca da Mota,gda-paz@example.org,Lopes,SE,2025-03-01
675,Isaque Carvalho,jose-miguelda-paz@example.org,da Cruz,PR,2024-09-08
676,Larissa Andrade,hadassa12@example.org,Camargo da Praia,DF,2025-07-06
677,Ágatha Camargo,sarahfarias@example.net,Sampaio,MA,2024-11-14
678,Alexia da Luz,fernando33@example.com,Oliveira,ES,2024-12-03
679,Gustavo Viana,mjesus@example.net,Cavalcanti da Praia,DF,2024-04-03
680,Dra. Pietra Melo,rebeca36@example.net,Campos,RN,2024-09-16
681,Luiz Miguel Aragão,theoramos@example.net,Mendonça das Pedras,PB,2025-08-08
682,João Vitor Garcia,luiz-henriqueramos@example.com,Fonseca dos Dourados,PE,2024-04-05
683,Dr. Isaac Duarte,limaana-liz@example.com,da Luz,RR,2026-01-01
684,Sra. Aylla Castro,maysasilva@example.com,Santos de Sá,PE,2025-08-17
685,Daniel Rodrigues,erick58@example.net,Cardoso,PB,2024-08-06
686,Asafe Almeida,tcirino@example.org,Souza,AM,2024-05-11
687,Noah Ramos,sousamilena@example.com,da Conceição,RS,2026-02-09
688,Sra. Olivia Brito,bryansiqueira@example.com,Albuquerque das Pedras,BA,2025-05-18
689,Leandro Martins,ana-lauranascimento@example.com,Souza,ES,2025-09-11
690,Letícia Gomes,barbara04@example.com,da Costa do Sul,DF,2025-07-13
691,Emanuella Pimenta,almeidamanuela@example.net,Cavalcanti da Mata,PR,2024-04-27
692,Luiz Miguel Ribeiro,sabrinabarbosa@example.org,Rezende de Minas,SC,2024-08-03
693,Dr. Yago Fernandes,mathias05@example.org,Sales Alegre,AM,2024-12-03
694,Dr. Vitor Gabriel Sousa,azevedootavio@example.net,Dias,PB,2026-02-09
695,Stella Vieira,marina64@example.net,Santos do Oeste,RN,2024-05-15
696,Matteo Rodrigues,montenegroclara@example.org,Silva,SE,2025-08-12
697,Emilly Monteiro,rvargas@example.org,Barros de Ramos,BA,2025-08-21
698,João Vitor Gonçalves,enovaes@example.net,Vasconcelos,MT,2025-03-04
699,Leonardo Montenegro,esther01@example.org,Mendonça,AL,2025-12-20
700,Valentina Sá,luiz-gustavomoura@example.org,Castro,RJ,2025-09-25
701,Srta. Maria Clara Sampaio,mateus14@example.com,Caldeira dos Dourados,SC,2026-03-08
702,Emanuella da Luz,apollo60@example.org,da Mata de Pires,SE,2024-08-29
703,Marcos Vinicius Siqueira,pedro-lucas92@example.com,Pires,SP,2024-04-17
704,Caroline Cunha,omoura@example.net,Barbosa,MT,2024-05-06
705,Brenda Gonçalves,marianeda-rocha@example.org,da Rocha de Minas,SP,2025-06-27
706,Ana Souza,maria-eduardafogaca@example.com,Gonçalves,SE,2024-03-30
707,Sr. Rafael Andrade,barroscaua@example.org,Novaes Grande,RJ,2026-02-02
708,Caroline Leão,maria-juliada-mota@example.com,Casa Grande,SP,2024-04-09
709,Isadora Viana,zda-costa@example.com,Caldeira de Gonçalves,TO,2026-01-08
710,Sr. Vinícius Garcia,apolloviana@example.org,Casa Grande de da Cruz,CE,2025-09-30
711,Lucas Gabriel Farias,dcastro@example.com,Sousa,RJ,2026-01-02
712,Emanuel Andrade,jgarcia@example.net,Pires,SE,2024-07-11
713,Luana da Mota,leo50@example.net,Albuquerque de Freitas,SP,2025-12-15
714,Zoe Araújo,da-mataana-julia@example.net,Pacheco,SC,2025-08-10
715,Levi Rios,faragao@example.com,da Cunha do Norte,AP,2024-08-11
716,Letícia Silva,enrico14@example.org,Cavalcanti de Lima,CE,2024-08-26
717,Bruna Ferreira,gmelo@example.org,Guerra da Prata,SE,2025-05-13
718,Maria Sophia Mendonça,andradedaniel@example.com,Mendes de Minas,RR,2024-08-26
719,Cauã Costa,tsousa@example.net,Fernandes das Pedras,PA,2024-07-10
720,Gabrielly Castro,antonellasouza@example.com,Monteiro do Oeste,SP,2025-12-03
721,Ana Clara Almeida,laura66@example.net,Rodrigues,RJ,2024-07-02
722,Benjamin Cunha,gsales@example.net,Guerra,MS,2024-03-22
723,Gustavo Azevedo,maria-luizasa@example.com,Carvalho do Amparo,AL,2025-01-13
724,Ester Pimenta,breno19@example.org,Duarte,PR,2025-03-31
725,Maria Laura Aparecida,ucirino@example.org,Moraes,RJ,2025-09-30
726,Olivia da Conceição,costasabrina@example.org,Souza do Galho,RO,2025-07-15
727,Yan Câmara,pintolunna@example.com,Borges da Prata,RN,2024-12-13
728,Elisa Alves,gomesmaria-julia@example.net,Lopes da Mata,PR,2024-06-03
729,Jade Nascimento,kamilly80@example.org,das Neves,RN,2025-04-23
730,Renan da Rosa,mcasa-grande@example.net,Monteiro,ES,2025-09-11
731,Liam Sousa,vitor-gabrieljesus@example.org,Azevedo das Pedras,DF,2025-11-26
732,Renan da Luz,matheus89@example.com,Dias do Campo,AM,2025-12-13
733,Maria Liz Freitas,wramos@example.com,Sampaio da Serra,BA,2026-01-20
734,Antônio Sá,bentogoncalves@example.org,Martins,RO,2025-12-06
735,Srta. Olivia Macedo,cda-mata@example.org,Ferreira de da Rosa,MG,2025-02-26
736,Miguel Moraes,gda-mota@example.com,Melo,PI,2025-07-04
737,Gustavo Novaes,asouza@example.com,Casa Grande,AP,2025-04-15
738,Caleb Abreu,fdias@example.org,Barros Paulista,SP,2025-05-19
739,Elisa Monteiro,upinto@example.org,Ribeiro,PE,2024-08-13
740,Luiza Viana,pintobreno@example.org,Lima,AC,2025-06-07
741,Ágatha Casa Grande,rhavi68@example.org,Porto das Pedras,MG,2024-05-29
742,Clara Castro,vicente95@example.org,Jesus,RR,2025-01-04
743,Dr. Bryan Barros,joao-pedro07@example.org,Rodrigues de Goiás,AC,2025-07-13
744,Gael Silva,casa-grandeluan@example.com,Ribeiro do Galho,PB,2024-10-24
745,Alexia Silveira,luizamarques@example.com,Costela da Serra,DF,2026-03-05
746,Ian Caldeira,pachecoemanuelly@example.org,Mendonça,GO,2025-04-26
747,Sara da Cruz,costaluisa@example.org,Brito,RO,2025-03-26
748,Marcela da Conceição,arthur-gabriel39@example.net,Macedo de Goiás,RN,2025-04-24
749,Enrico da Cruz,lmarques@example.com,Gonçalves de Novaes,MG,2024-05-02
750,Maria Eduarda Vieira,freitaslarissa@example.org,Teixeira,RN,2025-07-27
751,Eloá Novais,opereira@example.net,Novais de Moura,PR,2024-07-29
752,Sra. Bella da Mota,fonsecagabriela@example.org,Freitas,PI,2025-06-09
753,Nathan Lima,vpastor@example.org,Rezende do Sul,RO,2025-01-19
754,Alexia Costa,mendesmatteo@example.com,Aragão dos Dourados,MA,2024-06-19
755,Emilly da Rocha,goncalvesjoao-gabriel@example.net,da Mata da Mata,CE,2026-01-16
756,Benjamim Pires,danilo78@example.net,Souza do Oeste,PB,2026-03-12
757,Sr. Gustavo Lima,aurora85@example.com,Brito,DF,2025-05-13
758,Ravi Lucca da Conceição,lorenzodias@example.net,Correia do Campo,RS,2024-08-18
759,Luara Pastor,spacheco@example.org,Sampaio,PE,2025-10-04
760,Henry Gabriel Andrade,qgomes@example.net,Leão do Oeste,AM,2025-05-20
761,Dra. Sophia Fogaça,pedro-henrique99@example.net,Cardoso Grande,PE,2025-06-14
762,Nathan da Cruz,mariana56@example.net,Camargo,RS,2025-07-29
763,Sabrina Sá,da-pazfernando@example.com,Sales Verde,PB,2024-07-01
764,Mariane Sá,pachecoaurora@example.com,Aragão Grande,CE,2024-07-14
765,Carlos Eduardo Cirino,anogueira@example.com,das Neves,MA,2025-07-21
766,Manuella Pimenta,melofelipe@example.com,Rocha de Cassiano,RR,2024-12-08
767,Davi Miguel Nunes,julia04@example.com,Aragão dos Dourados,BA,2025-05-30
768,Marcos Vinicius Ferreira,paparecida@example.org,Aragão,BA,2025-12-27
769,Augusto Vieira,carolinada-cunha@example.org,Jesus de Goiás,PB,2024-09-19
770,Srta. Elisa Camargo,bernardo07@example.net,Costa,CE,2025-01-20
771,Luísa Carvalho,brayanfreitas@example.com,Cavalcante Grande,ES,2025-11-11
772,Lucas Campos,fazevedo@example.net,Novaes,SE,2024-10-13
773,Allana Pimenta,jose-pedro23@example.org,Vasconcelos das Flores,RS,2026-01-29
774,Sabrina Nogueira,aduarte@example.org,Rodrigues Verde,AP,2025-08-12
775,Hellena Peixoto,anna-liz00@example.net,Moura,SE,2024-04-22
776,Emanuel Cavalcanti,rodrigoda-costa@example.org,Rocha,TO,2024-05-05
777,Lavínia Peixoto,luiz-felipeduarte@example.net,Duarte,AC,2025-07-07
778,Bella Araújo,fonsecayago@example.net,Abreu,PI,2025-04-09
779,Bryan Vasconcelos,bpastor@example.net,Alves do Amparo,MA,2025-04-05
780,Pedro Henrique da Rosa,igorcunha@example.com,Moraes Grande,SC,2024-04-16
781,Ágatha Fonseca,isabellygomes@example.net,Cavalcante Alegre,CE,2025-07-15
782,Asafe Aragão,ijesus@example.net,Moraes de da Luz,RN,2025-08-01
783,Maria Sales,srocha@example.net,Freitas,AC,2025-04-20
784,Luan Novais,bda-cruz@example.com,da Paz,SC,2025-07-24
785,João Miguel Duarte,rezendematheus@example.net,Barros Verde,RS,2025-11-12
786,Sra. Melina Abreu,marianeda-luz@example.org,Gomes das Pedras,MG,2024-05-16
787,Sra. Ester Pacheco,maria-julianascimento@example.net,Siqueira,MS,2024-07-10
788,Alícia Monteiro,rhavi09@example.com,Rocha de Rios,AP,2026-01-16
789,Emanuella Costela,eloahsiqueira@example.com,Silveira,AP,2025-05-28
790,Henrique Rezende,kaiquearagao@example.com,da Costa dos Dourados,RO,2025-12-15
791,Benjamin Costela,liz68@example.net,Sampaio da Prata,MG,2025-07-22
792,Sra. Luísa Aparecida,uviana@example.org,Pimenta,RS,2024-05-06
793,Matheus Novaes,beatriz95@example.org,Moura,MT,2026-03-06
794,Ágatha Sales,leandro06@example.org,Sá,MA,2025-07-04
795,Sr. Paulo Barbosa,jadeferreira@example.net,Siqueira da Prata,PA,2026-03-05
796,Sra. Fernanda Siqueira,benicio38@example.com,da Paz de Montenegro,RN,2025-05-09
797,Valentim da Conceição,abreuravy@example.org,Lopes,RJ,2026-01-12
798,Bruno Câmara,olivia52@example.org,Melo Paulista,RR,2024-08-28
799,Cauê Ferreira,claraalmeida@example.com,Duarte do Campo,PR,2024-08-13
800,Esther Pimenta,alexandre02@example.net,Peixoto de Freitas,RS,2024-10-20
801,Josué da Cunha,nascimentoliam@example.com,Fogaça,AC,2025-01-06
802,Yasmin Pimenta,xsampaio@example.net,Santos de Goiás,AP,2024-12-23
803,Sabrina Pimenta,hmonteiro@example.com,Caldeira,SC,2025-03-04
804,Theo Fonseca,augustomartins@example.com,Fernandes de Andrade,SE,2025-04-14
805,Nicole Siqueira,luan06@example.org,Fogaça,MA,2026-01-12
806,Ísis Machado,luisa95@example.net,Gomes,PI,2025-02-02
807,Davi Rios,carolina27@example.org,Pastor das Flores,AP,2024-10-25
808,Gael Lima,oleao@example.com,Oliveira,PE,2024-08-09
809,Ravy Gonçalves,lunna88@example.com,da Cruz da Mata,RJ,2024-11-06
810,Sabrina Mendes,agathacampos@example.com,Machado dos Dourados,ES,2025-05-21
811,Maria Fernanda Albuquerque,taparecida@example.org,Ribeiro do Sul,PB,2025-07-19
812,Levi Leão,oliveiraleticia@example.com,Sousa da Prata,MG,2025-12-22
813,Guilherme Nunes,clarice99@example.com,Cavalcanti,RJ,2025-03-03
814,João Lucas Cavalcanti,leticia60@example.net,Dias das Flores,AP,2025-10-18
815,Carlos Eduardo Cavalcante,novaismirella@example.com,Jesus Verde,BA,2025-09-05
816,Eloah Barros,oliviaribeiro@example.org,da Rosa dos Dourados,RJ,2024-03-15
817,Dr. Lucca Macedo,pintodavi-miguel@example.com,Farias,RN,2024-10-26
818,Heloísa Moura,da-conceicaovicente@example.com,Almeida,MS,2026-03-12
819,Dr. Fernando Leão,barbaravasconcelos@example.com,Pires,AC,2025-10-07
820,Dom Sousa,nicolas32@example.net,Sá,SP,2025-10-25
821,Dra. Elisa Cardoso,lucas13@example.com,Cirino de Vieira,RN,2025-05-04
822,Agatha da Luz,dmoreira@example.net,Cirino,CE,2026-02-20
823,Dom Santos,zmoraes@example.net,Sampaio dos Dourados,AL,2024-10-13
824,Hadassa Aragão,kfernandes@example.org,Carvalho,TO,2025-03-08
825,Nicolas Pastor,ulopes@example.org,Rezende das Pedras,RN,2025-02-28
826,Kaique Duarte,sousadaniel@example.com,Ferreira do Oeste,MT,2025-12-21
827,Sra. Isis Guerra,ialves@example.org,da Conceição,MG,2024-11-20
828,Valentina Fernandes,plopes@example.net,Rezende do Oeste,DF,2025-04-19
829,Cauê Silveira,ribeiroana-vitoria@example.net,Martins das Flores,RO,2025-10-05
830,Theo Pacheco,siqueiraisis@example.org,Abreu,MS,2025-07-26
831,Joana Nunes,camposdanilo@example.org,Rodrigues de Costa,RJ,2025-03-01
832,Vitória Siqueira,sousavalentina@example.net,Ramos de da Cunha,RS,2024-08-04
833,Lorena Freitas,maria-julia42@example.com,Duarte dos Dourados,MS,2024-05-30
834,Luiz Miguel Pimenta,marceloleao@example.org,Montenegro de Goiás,SC,2024-06-19
835,Maria Luísa Brito,leviborges@example.com,Vieira,MS,2024-10-12
836,Olívia Abreu,gael-henriquefreitas@example.net,Cunha,SP,2025-02-22
837,Isis Moreira,borgesolivia@example.org,Andrade,AC,2026-01-31
838,Emanuella Peixoto,mayacunha@example.com,Pacheco,RJ,2025-02-13
839,Dr. Diogo da Rosa,vitor-gabrielcaldeira@example.org,Aragão,CE,2025-03-18
840,Srta. Laura Câmara,theofernandes@example.net,Freitas,SE,2024-05-14
841,Calebe Gonçalves,qrodrigues@example.org,Campos,PA,2025-03-12
842,Nicole Jesus,yfogaca@example.org,Aparecida de Cavalcanti,AM,2025-06-27
843,Guilherme da Rosa,valentinasantos@example.com,Santos do Galho,AL,2026-02-03
844,Lorena Rezende,caio56@example.com,Nascimento,PI,2025-08-23
845,Davi Luiz Mendonça,njesus@example.net,Cirino,PE,2025-11-09
846,Dom Peixoto,qcunha@example.com,Novaes,SP,2025-08-12
847,Maria Júlia Novais,aylapacheco@example.net,Nunes,DF,2025-04-17
848,Theo Andrade,otavio41@example.org,Pastor,ES,2024-04-07
849,Davi Miguel Sales,das-nevesantony@example.net,Moreira de Pires,PA,2025-03-15
850,Samuel Silveira,emanuel51@example.net,Costela de Barbosa,RR,2025-12-23
851,Gael Albuquerque,rhavi03@example.net,Andrade,MG,2024-06-07
852,Srta. Nina Ramos,mendeselisa@example.net,Souza,RJ,2025-08-08
853,Gabriel Freitas,zgoncalves@example.org,Pinto do Sul,MT,2024-07-10
854,Davi Lucas Porto,barbosabernardo@example.net,Almeida da Mata,SP,2024-08-06
855,Brenda Sales,mariah66@example.net,Jesus,CE,2025-05-31
856,Liz Gomes,mcavalcanti@example.net,Moura,TO,2026-02-23
857,Hadassa Câmara,marcos-vinicius71@example.org,Freitas de Goiás,PR,2025-11-27
858,Nina Barros,renan12@example.org,Jesus,PR,2025-03-29
859,Sr. José Miguel Cardoso,lucasgomes@example.org,Monteiro do Sul,AC,2024-06-19
860,Beatriz Araújo,rodrigoramos@example.net,da Cunha,ES,2025-10-26
861,Ester Aragão,riosbella@example.com,Andrade,CE,2025-07-10
862,Rael Cassiano,luiz-gustavo08@example.org,Carvalho de Rezende,PR,2026-02-24
863,Olívia da Rocha,dom28@example.org,da Cunha,PR,2026-01-27
864,Juan da Cunha,vinicius13@example.org,Câmara da Serra,AL,2024-12-11
865,Leandro Rios,qguerra@example.org,da Cunha,PR,2024-11-09
866,Stephany Monteiro,pachecodavi@example.net,Campos da Mata,SP,2024-12-22
867,Sra. Yasmin Leão,marianecavalcante@example.net,Barbosa de Goiás,PI,2024-10-05
868,Nina Pereira,camaradanilo@example.org,Carvalho,DF,2024-10-11
869,Sara Cassiano,da-rochathales@example.com,Souza,AP,2024-07-03
870,Guilherme Silva,barrosagatha@example.net,Rezende de Minas,DF,2024-06-14
871,Davi Luiz Viana,da-pazmaria-cecilia@example.com,Garcia,SP,2025-04-15
872,Julia da Costa,fogacaigor@example.net,Garcia do Galho,PE,2025-02-26
873,Nina Fonseca,montenegroarthur-gabriel@example.net,Jesus de Jesus,PI,2025-01-07
874,Melina Pereira,das-neveslavinia@example.com,Silva,PB,2025-09-09
875,Sr. Matheus Barros,kcavalcante@example.org,Lopes de Pimenta,MS,2025-08-30
876,Daniela Teixeira,ggarcia@example.com,Montenegro,AC,2025-07-21
877,Kevin Caldeira,zoe17@example.org,Cunha,PA,2026-01-29
878,Raul Borges,gabriellyduarte@example.net,Vargas da Prata,TO,2024-04-16
879,Vitor Hugo Gomes,laisda-conceicao@example.org,Cunha do Campo,MS,2025-07-30
880,Sr. Isaac Araújo,pedrocaldeira@example.com,Sampaio da Serra,RO,2024-12-02
881,Bernardo Garcia,silvacecilia@example.org,Lopes de Cavalcante,BA,2025-09-16
882,Renan Dias,larissa24@example.org,Teixeira de Aparecida,AP,2026-01-15
883,Vitor Moura,diogoalbuquerque@example.com,Fernandes da Prata,RS,2024-03-27
884,Ana Carolina Pires,yuri18@example.com,Aparecida,BA,2026-02-25
885,Joaquim Silva,vieirapietro@example.org,Silveira,MA,2025-07-19
886,Daniela Montenegro,cunhaalexandre@example.net,da Luz Paulista,DF,2024-10-18
887,Theo Teixeira,pimentasophie@example.org,Souza,RO,2025-05-10
888,Rodrigo Montenegro,ana-laura34@example.org,Cirino,SC,2025-09-10
889,Sr. Rhavi Moraes,moraesevelyn@example.com,Silveira,BA,2025-11-18
890,Bruno Correia,pda-cruz@example.net,Souza das Pedras,PE,2025-11-12
891,Cauã Guerra,joao-vitorjesus@example.org,Pastor,CE,2024-04-23
892,Stella Dias,martinslara@example.com,Ferreira do Amparo,ES,2025-03-18
893,José da Mata,aparecidaenzo-gabriel@example.net,Lima da Praia,MS,2025-07-30
894,Sr. João Pedro Cassiano,dviana@example.net,Novaes,DF,2025-05-17
895,Dr. Isaac Fogaça,rafaelvasconcelos@example.net,Ribeiro de Rocha,TO,2024-08-22
896,Isabel da Luz,camargohenry@example.org,Vargas,CE,2026-02-21
897,Maria Sophia Aragão,benjaminpinto@example.net,Rocha de Siqueira,MA,2024-08-16
898,João Vitor Pires,camargorebeca@example.net,Pires Alegre,RR,2025-02-25
899,Levi Pinto,joao-felipe71@example.com,Camargo Grande,AM,2025-06-19
900,Dr. Caleb Fonseca,elisa94@example.org,Cirino do Galho,RJ,2024-11-09
901,Laura Sá,fogacahenry-gabriel@example.net,Montenegro,RR,2024-09-13
902,Sra. Maria Fernanda Gomes,cardosomaite@example.org,da Rosa de Ramos,PI,2026-01-11
903,Lara Costela,andradekaique@example.net,Correia da Serra,SE,2024-12-29
904,Levi Costela,silvajoao-felipe@example.org,Araújo de Goiás,PR,2025-01-13
905,André Correia,nicolasmoraes@example.net,da Conceição da Praia,MT,2025-07-28
906,Cecilia Lopes,duartedavi-lucas@example.net,Lima de Lopes,ES,2024-08-20
907,Anthony Nogueira,luiz-gustavo45@example.net,Campos do Amparo,RO,2024-08-03
908,João Felipe Pastor,melissalopes@example.net,das Neves,AC,2026-03-02
909,Stella Sá,maria-luizafernandes@example.com,da Cunha do Norte,SE,2025-09-23
910,Maria Laura Silva,cda-costa@example.org,Gonçalves,MS,2025-04-26
911,Thales Gonçalves,maria-sophianovaes@example.org,Casa Grande,MG,2024-06-01
912,Yago Almeida,nicolasmontenegro@example.org,das Neves do Norte,PR,2025-03-18
913,Ian Pacheco,cauesiqueira@example.com,da Paz,SP,2025-03-20
914,Laura Melo,igorribeiro@example.com,da Costa do Campo,PI,2025-10-28
915,Maria Clara Campos,correialuiz-otavio@example.net,Abreu,ES,2025-10-29
916,Nicolas Garcia,maria-fernandanunes@example.org,Jesus de Fernandes,PA,2024-10-07
917,Emanuelly da Cunha,fogacasabrina@example.net,Melo,RS,2025-12-18
918,Ágatha Mendonça,theo94@example.org,Rios,RS,2025-05-08
919,Davi Peixoto,jda-rocha@example.net,da Conceição de Azevedo,RS,2025-05-23
920,Sofia Silveira,gael-henrique97@example.com,Marques dos Dourados,MT,2025-04-11
921,Thomas Garcia,ravisouza@example.com,Gonçalves,MT,2024-07-01
922,Catarina Pastor,xnascimento@example.org,da Conceição de Souza,MS,2024-11-26
923,Luiz Miguel Nogueira,umonteiro@example.org,Pacheco do Galho,ES,2025-11-22
924,Arthur Gabriel da Costa,barrosgustavo@example.net,Andrade,RS,2025-02-21
925,Bianca da Cunha,leocostela@example.com,Macedo do Norte,DF,2024-06-06
926,Dr. João Lucas Novais,mferreira@example.org,Fernandes,AL,2024-11-19
927,Valentim Costa,estherlopes@example.com,da Mata,TO,2025-10-14
928,Mateus Caldeira,da-pazdavi-miguel@example.net,Caldeira,RN,2025-07-18
929,Joaquim da Paz,carolineda-cruz@example.net,Borges,SE,2026-01-25
930,Maria Nogueira,hcavalcante@example.net,Campos do Oeste,MT,2024-09-03
931,Isabella Machado,ceciliasiqueira@example.com,Nogueira,TO,2026-02-13
932,Allana Costa,zcardoso@example.org,Pacheco,RR,2024-04-12
933,Sra. Rafaela da Rosa,tmachado@example.net,Castro do Amparo,RN,2025-12-03
934,João Gabriel Farias,jda-cruz@example.com,Sousa das Pedras,MG,2025-02-11
935,Ana Júlia da Rocha,pedro-miguelteixeira@example.com,Siqueira,AL,2024-04-16
936,Kaique Cavalcante,da-rochaleandro@example.com,Pastor de Minas,TO,2025-01-07
937,Sara Casa Grande,dduarte@example.com,Azevedo de Castro,RO,2024-10-19
938,Srta. Maria Teixeira,evelyn92@example.com,da Mota,RO,2025-10-10
939,Henry Cirino,larissacunha@example.net,Nascimento de Minas,RS,2026-01-07
940,Dra. Marina Vasconcelos,joao-vitoralbuquerque@example.org,Caldeira,CE,2024-07-20
941,Dom Lopes,bpinto@example.org,Azevedo,PB,2025-06-17
942,Kamilly Moraes,jmendonca@example.com,Santos de Almeida,AM,2025-07-26
943,Fernanda Pimenta,arthur-gabrielgoncalves@example.org,Azevedo de Sampaio,SP,2025-01-08
944,Joaquim Rodrigues,barbara38@example.org,da Mata,RS,2025-10-26
945,Fernando Pacheco,santosluiz-miguel@example.com,Peixoto,GO,2024-09-07
946,Sra. Melina Rezende,joaoteixeira@example.org,Nunes,RO,2024-10-20
947,Maitê Almeida,zoevieira@example.com,Cassiano do Norte,MG,2024-04-11
948,Luan Sousa,josue20@example.net,Lima Alegre,CE,2024-12-15
949,Sr. Luiz Otávio Machado,arthur44@example.org,da Cruz de Moreira,ES,2025-01-15
950,Camila da Rocha,brunomoura@example.net,Sales,PE,2025-04-06
951,Luiz Miguel Cunha,jose65@example.org,Viana,AC,2024-06-09
952,Dr. Gael Henrique Borges,bella57@example.com,Costa do Galho,RR,2024-10-29
953,Sr. Benicio da Paz,teixeiralevi@example.org,Albuquerque das Flores,MG,2024-05-03
954,Sr. José Pedro Aragão,ygarcia@example.net,Nascimento,DF,2024-08-23
955,Clarice Lima,mendesarthur@example.net,Garcia,RR,2024-04-05
956,Alexia Cirino,mateusandrade@example.org,Sales Grande,MS,2025-10-19
957,Antônio Azevedo,pfarias@example.org,Barros Paulista,RJ,2025-08-28
958,Agatha Cirino,vianamaria-vitoria@example.org,da Mota do Campo,PE,2025-12-20
959,Diogo Correia,fernanda20@example.net,Araújo de Abreu,SE,2025-08-09
960,João Miguel Guerra,tpires@example.net,da Luz,PI,2024-08-15
961,Clarice Guerra,oliveirabryan@example.com,Pinto do Campo,ES,2025-11-05
962,Maria Alice Andrade,rebecafogaca@example.org,Moura Alegre,RN,2024-04-11
963,Valentina Sousa,ylima@example.net,Silva do Galho,RN,2025-06-24
964,Ryan Caldeira,da-cunhabenicio@example.net,Machado do Norte,PE,2024-07-30
965,Arthur Miguel Macedo,crocha@example.org,da Rocha,RS,2024-10-05
966,Srta. Sophia da Luz,kaiquemendes@example.org,Câmara Grande,SC,2024-06-28
967,Dra. Olivia Nogueira,vrezende@example.com,Melo da Praia,RJ,2025-06-13
968,Manuella Rocha,lcorreia@example.net,Viana da Praia,PE,2026-01-25
969,Eduarda Monteiro,correiafelipe@example.com,da Luz da Mata,AL,2025-07-23
970,Giovanna Rocha,da-conceicaoolivia@example.com,Rezende,RO,2024-09-21
971,Maria Luísa Fogaça,qcavalcante@example.com,Fonseca de Nascimento,PB,2025-04-03
972,Clarice Carvalho,ester28@example.net,Cavalcanti Paulista,RR,2025-05-17
973,Dr. Augusto Peixoto,caue78@example.com,Pimenta,ES,2025-01-14
974,Clarice Duarte,vasconcelossarah@example.org,Moura,PI,2025-06-08
975,Rhavi Marques,uoliveira@example.org,Cardoso,DF,2024-07-19
976,Lucca Vieira,marcelada-mata@example.net,Marques da Mata,PI,2024-09-12
977,André Novaes,camaralucas@example.org,Oliveira,ES,2024-07-04
978,Camila Siqueira,guerraana-sophia@example.net,Mendonça de Pimenta,RR,2024-10-30
979,Jade Rios,barbaramoreira@example.com,Carvalho,SC,2026-02-12
980,Dr. Mathias Siqueira,daniela09@example.org,Araújo,RR,2024-12-07
981,Liam Mendes,antony89@example.com,Sá de Goiás,TO,2025-07-21
982,Beatriz Azevedo,camila50@example.net,Cavalcante,PA,2025-07-20
983,Sr. José Miguel Andrade,upinto@example.net,Leão,PB,2024-12-03
984,Eduarda da Rosa,omacedo@example.org,Duarte,RN,2024-10-04
985,Ágatha da Rosa,camargoenzo@example.net,Rezende de Barros,RJ,2025-08-17
986,Isabelly Sampaio,luiz-henrique77@example.com,Pastor,GO,2024-09-06
987,Bárbara Caldeira,clara05@example.org,Farias,MS,2024-09-26
988,Nicole Albuquerque,qcirino@example.com,Correia Paulista,RN,2025-12-14
989,Júlia Albuquerque,olivia74@example.org,Cardoso,MA,2024-03-21
990,Dra. Pietra da Cunha,moreiramaysa@example.com,Barbosa,PB,2026-02-10
991,Pietro Mendonça,da-cunharyan@example.org,Lima de Montenegro,CE,2024-10-12
992,Sr. Benício Peixoto,theo31@example.net,Viana Paulista,MG,2025-06-15
993,Laura das Neves,castrobernardo@example.org,Moura de Leão,AC,2026-01-24
994,Alexandre Duarte,kfernandes@example.com,Carvalho,MT,2025-08-08
995,Maria Clara Novais,marcos-viniciusda-rocha@example.net,da Paz do Galho,PI,2025-10-11
996,Ana Vitória Sá,lucas-gabriel05@example.org,Ramos de Silveira,GO,2025-11-06
997,Luiz Otávio Pacheco,theosantos@example.org,Pinto de Minas,PA,2025-07-05
998,Dr. João Guilherme da Costa,apollo56@example.org,Rezende Verde,SC,2024-11-22
999,Marcos Vinicius Nunes,joanavasconcelos@example.net,Oliveira Verde,AM,2025-11-03
1000,Srta. Hellena Rios,allana59@example.com,Moraes,GO,2025-08-11
